{
  "started_at": "2025-08-24T17:20:56.394934638Z",
  "duration": 45003798730,
  "overall": {
    "requests": 8935,
    "errors": 2850,
    "error_rate": 0.318970341354225,
    "bytes_total": 924638320,
    "throughput_rps": 198.53879566046135,
    "p50_ms": 1,
    "p90_ms": 386,
    "p95_ms": 416,
    "p99_ms": 515,
    "min_ms": 0,
    "max_ms": 773
  },
  "per_endpoint": {
    "cart_add": {
      "requests": 608,
      "errors": 608,
      "error_rate": 1,
      "bytes_total": 36480,
      "throughput_rps": 13.50997065042647,
      "p50_ms": 0,
      "p90_ms": 1,
      "p95_ms": 2,
      "p99_ms": 4,
      "min_ms": 0,
      "max_ms": 6
    },
    "cart_get": {
      "requests": 560,
      "errors": 560,
      "error_rate": 1,
      "bytes_total": 10080,
      "throughput_rps": 12.443394020129643,
      "p50_ms": 0,
      "p90_ms": 1,
      "p95_ms": 2,
      "p99_ms": 3,
      "min_ms": 0,
      "max_ms": 8
    },
    "cart_remove": {
      "requests": 580,
      "errors": 580,
      "error_rate": 1,
      "bytes_total": 34800,
      "throughput_rps": 12.887800949419987,
      "p50_ms": 0,
      "p90_ms": 1,
      "p95_ms": 2,
      "p99_ms": 3,
      "min_ms": 0,
      "max_ms": 30
    },
    "cart_update": {
      "requests": 549,
      "errors": 549,
      "error_rate": 1,
      "bytes_total": 32940,
      "throughput_rps": 12.198970209019953,
      "p50_ms": 0,
      "p90_ms": 1,
      "p95_ms": 2,
      "p99_ms": 4,
      "min_ms": 0,
      "max_ms": 10
    },
    "flower_types": {
      "requests": 1071,
      "errors": 0,
      "error_rate": 0,
      "bytes_total": 895356,
      "throughput_rps": 23.797991063497943,
      "p50_ms": 1,
      "p90_ms": 2,
      "p95_ms": 3,
      "p99_ms": 10,
      "min_ms": 0,
      "max_ms": 14
    },
    "health": {
      "requests": 571,
      "errors": 0,
      "error_rate": 0,
      "bytes_total": 9136,
      "throughput_rps": 12.687817831239332,
      "p50_ms": 0,
      "p90_ms": 1,
      "p95_ms": 2,
      "p99_ms": 9,
      "min_ms": 0,
      "max_ms": 14
    },
    "pricing_rules": {
      "requests": 556,
      "errors": 0,
      "error_rate": 0,
      "bytes_total": 733364,
      "throughput_rps": 12.354512634271574,
      "p50_ms": 1,
      "p90_ms": 2,
      "p95_ms": 4,
      "p99_ms": 8,
      "min_ms": 0,
      "max_ms": 65
    },
    "product_create": {
      "requests": 560,
      "errors": 0,
      "error_rate": 0,
      "bytes_total": 187600,
      "throughput_rps": 12.443394020129643,
      "p50_ms": 4,
      "p90_ms": 7,
      "p95_ms": 9,
      "p99_ms": 24,
      "min_ms": 2,
      "max_ms": 124
    },
    "products": {
      "requests": 2180,
      "errors": 19,
      "error_rate": 0.00871559633027523,
      "bytes_total": 922424312,
      "throughput_rps": 48.44035529264754,
      "p50_ms": 367,
      "p90_ms": 463,
      "p95_ms": 509,
      "p99_ms": 584,
      "min_ms": 59,
      "max_ms": 773
    },
    "review_create": {
      "requests": 534,
      "errors": 534,
      "error_rate": 1,
      "bytes_total": 64080,
      "throughput_rps": 11.865665012052196,
      "p50_ms": 0,
      "p90_ms": 1,
      "p95_ms": 2,
      "p99_ms": 5,
      "min_ms": 0,
      "max_ms": 8
    },
    "reviews_list": {
      "requests": 548,
      "errors": 0,
      "error_rate": 0,
      "bytes_total": 91516,
      "throughput_rps": 12.176749862555436,
      "p50_ms": 1,
      "p90_ms": 3,
      "p95_ms": 4,
      "p99_ms": 7,
      "min_ms": 0,
      "max_ms": 18
    },
    "todo_create": {
      "requests": 618,
      "errors": 0,
      "error_rate": 0,
      "bytes_total": 118656,
      "throughput_rps": 13.732174115071642,
      "p50_ms": 3,
      "p90_ms": 6,
      "p95_ms": 8,
      "p99_ms": 20,
      "min_ms": 1,
      "max_ms": 58
    }
  },
  "notes": {
    "base_url": "http://host.docker.internal:8081",
    "concurrency": "20",
    "duration_sec": "45",
    "endpoint_count": "12",
    "global_rate_limit_per_sec": "0",
    "test_mode": "fixed"
  }
}