{
  "started_at": "2025-08-24T17:04:25.221377179Z",
  "duration": 45666528272,
  "overall": {
    "requests": 3478158,
    "errors": 3478158,
    "error_rate": 1,
    "bytes_total": 0,
    "throughput_rps": 76164.27461451235,
    "p50_ms": 0,
    "p90_ms": 0,
    "p95_ms": 0,
    "p99_ms": 1,
    "min_ms": 0,
    "max_ms": 83
  },
  "per_endpoint": {
    "cart_add": {
      "requests": 217214,
      "errors": 217214,
      "error_rate": 1,
      "bytes_total": 0,
      "throughput_rps": 4756.525363746179,
      "p50_ms": 0,
      "p90_ms": 0,
      "p95_ms": 0,
      "p99_ms": 1,
      "min_ms": 0,
      "max_ms": 66
    },
    "cart_get": {
      "requests": 217110,
      "errors": 217110,
      "error_rate": 1,
      "bytes_total": 0,
      "throughput_rps": 4754.247984581717,
      "p50_ms": 0,
      "p90_ms": 0,
      "p95_ms": 0,
      "p99_ms": 1,
      "min_ms": 0,
      "max_ms": 48
    },
    "cart_remove": {
      "requests": 216602,
      "errors": 216602,
      "error_rate": 1,
      "bytes_total": 0,
      "throughput_rps": 4743.12386327838,
      "p50_ms": 0,
      "p90_ms": 0,
      "p95_ms": 0,
      "p99_ms": 1,
      "min_ms": 0,
      "max_ms": 52
    },
    "cart_update": {
      "requests": 217972,
      "errors": 217972,
      "error_rate": 1,
      "bytes_total": 0,
      "throughput_rps": 4773.12395419486,
      "p50_ms": 0,
      "p90_ms": 0,
      "p95_ms": 0,
      "p99_ms": 1,
      "min_ms": 0,
      "max_ms": 52
    },
    "flower_types": {
      "requests": 435853,
      "errors": 435853,
      "error_rate": 1,
      "bytes_total": 0,
      "throughput_rps": 9544.255201620814,
      "p50_ms": 0,
      "p90_ms": 0,
      "p95_ms": 0,
      "p99_ms": 1,
      "min_ms": 0,
      "max_ms": 51
    },
    "health": {
      "requests": 217156,
      "errors": 217156,
      "error_rate": 1,
      "bytes_total": 0,
      "throughput_rps": 4755.25528690446,
      "p50_ms": 0,
      "p90_ms": 0,
      "p95_ms": 0,
      "p99_ms": 1,
      "min_ms": 0,
      "max_ms": 53
    },
    "pricing_rules": {
      "requests": 216965,
      "errors": 216965,
      "error_rate": 1,
      "bytes_total": 0,
      "throughput_rps": 4751.072792477418,
      "p50_ms": 0,
      "p90_ms": 0,
      "p95_ms": 0,
      "p99_ms": 1,
      "min_ms": 0,
      "max_ms": 64
    },
    "product_create": {
      "requests": 216847,
      "errors": 216847,
      "error_rate": 1,
      "bytes_total": 0,
      "throughput_rps": 4748.488843040816,
      "p50_ms": 0,
      "p90_ms": 0,
      "p95_ms": 0,
      "p99_ms": 1,
      "min_ms": 0,
      "max_ms": 75
    },
    "products": {
      "requests": 869786,
      "errors": 869786,
      "error_rate": 1,
      "bytes_total": 0,
      "throughput_rps": 19046.466480205396,
      "p50_ms": 0,
      "p90_ms": 0,
      "p95_ms": 0,
      "p99_ms": 1,
      "min_ms": 0,
      "max_ms": 83
    },
    "review_create": {
      "requests": 217877,
      "errors": 217877,
      "error_rate": 1,
      "bytes_total": 0,
      "throughput_rps": 4771.04365591963,
      "p50_ms": 0,
      "p90_ms": 0,
      "p95_ms": 0,
      "p99_ms": 1,
      "min_ms": 0,
      "max_ms": 82
    },
    "reviews_list": {
      "requests": 217990,
      "errors": 217990,
      "error_rate": 1,
      "bytes_total": 0,
      "throughput_rps": 4773.518115973325,
      "p50_ms": 0,
      "p90_ms": 0,
      "p95_ms": 0,
      "p99_ms": 1,
      "min_ms": 0,
      "max_ms": 52
    },
    "todo_create": {
      "requests": 216786,
      "errors": 216786,
      "error_rate": 1,
      "bytes_total": 0,
      "throughput_rps": 4747.153072569352,
      "p50_ms": 0,
      "p90_ms": 0,
      "p95_ms": 0,
      "p99_ms": 1,
      "min_ms": 0,
      "max_ms": 55
    }
  },
  "notes": {
    "base_url": "http://localhost:8081",
    "concurrency": "20",
    "duration_sec": "45",
    "endpoint_count": "12",
    "global_rate_limit_per_sec": "0",
    "test_mode": "fixed"
  }
}