{
  "started_at": "2025-08-24T19:23:56.988131761Z",
  "duration": 45018896771,
  "overall": {
    "requests": 45907,
    "errors": 23014,
    "error_rate": 0.5013178818045179,
    "bytes_total": 579547796,
    "throughput_rps": 1019.7273432424957,
    "p50_ms": 11,
    "p90_ms": 39,
    "p95_ms": 57,
    "p99_ms": 137,
    "min_ms": 0,
    "max_ms": 1234
  },
  "per_endpoint": {
    "cart_add": {
      "requests": 2901,
      "errors": 2901,
      "error_rate": 1,
      "bytes_total": 95700,
      "throughput_rps": 64.43960665577102,
      "p50_ms": 13,
      "p90_ms": 36,
      "p95_ms": 49,
      "p99_ms": 164,
      "min_ms": 1,
      "max_ms": 946
    },
    "cart_get": {
      "requests": 2890,
      "errors": 2890,
      "error_rate": 1,
      "bytes_total": 52020,
      "throughput_rps": 64.19526481736581,
      "p50_ms": 3,
      "p90_ms": 10,
      "p95_ms": 14,
      "p99_ms": 43,
      "min_ms": 0,
      "max_ms": 244
    },
    "cart_remove": {
      "requests": 2869,
      "errors": 2856,
      "error_rate": 0.9954688044614849,
      "bytes_total": 94585,
      "throughput_rps": 63.72879403495589,
      "p50_ms": 14,
      "p90_ms": 39,
      "p95_ms": 57,
      "p99_ms": 164,
      "min_ms": 1,
      "max_ms": 996
    },
    "cart_update": {
      "requests": 2895,
      "errors": 2889,
      "error_rate": 0.9979274611398964,
      "bytes_total": 109930,
      "throughput_rps": 64.30632928936818,
      "p50_ms": 14,
      "p90_ms": 38,
      "p95_ms": 53,
      "p99_ms": 142,
      "min_ms": 2,
      "max_ms": 1234
    },
    "flower_types": {
      "requests": 5716,
      "errors": 2,
      "error_rate": 0.0003498950314905528,
      "bytes_total": 4776904,
      "throughput_rps": 126.96890439310138,
      "p50_ms": 8,
      "p90_ms": 24,
      "p95_ms": 36,
      "p99_ms": 87,
      "min_ms": 0,
      "max_ms": 467
    },
    "health": {
      "requests": 2887,
      "errors": 0,
      "error_rate": 0,
      "bytes_total": 46192,
      "throughput_rps": 64.1286261341644,
      "p50_ms": 4,
      "p90_ms": 11,
      "p95_ms": 18,
      "p99_ms": 50,
      "min_ms": 0,
      "max_ms": 247
    },
    "pricing_rules": {
      "requests": 2970,
      "errors": 0,
      "error_rate": 0,
      "bytes_total": 3917430,
      "throughput_rps": 65.97229636940362,
      "p50_ms": 8,
      "p90_ms": 24,
      "p95_ms": 37,
      "p99_ms": 71,
      "min_ms": 0,
      "max_ms": 344
    },
    "product_create": {
      "requests": 2755,
      "errors": 2,
      "error_rate": 0.0007259528130671506,
      "bytes_total": 971809,
      "throughput_rps": 61.196524073302015,
      "p50_ms": 27,
      "p90_ms": 73,
      "p95_ms": 99,
      "p99_ms": 203,
      "min_ms": 5,
      "max_ms": 986
    },
    "products": {
      "requests": 11469,
      "errors": 11469,
      "error_rate": 1,
      "bytes_total": 435556,
      "throughput_rps": 254.75968587902025,
      "p50_ms": 8,
      "p90_ms": 24,
      "p95_ms": 37,
      "p99_ms": 88,
      "min_ms": 0,
      "max_ms": 649
    },
    "review_create": {
      "requests": 2835,
      "errors": 2,
      "error_rate": 0.0007054673721340388,
      "bytes_total": 116153,
      "throughput_rps": 62.97355562533983,
      "p50_ms": 25,
      "p90_ms": 72,
      "p95_ms": 107,
      "p99_ms": 209,
      "min_ms": 4,
      "max_ms": 1032
    },
    "reviews_list": {
      "requests": 2902,
      "errors": 2,
      "error_rate": 0.0006891798759476223,
      "bytes_total": 568390653,
      "throughput_rps": 64.46181955017148,
      "p50_ms": 18,
      "p90_ms": 50,
      "p95_ms": 69,
      "p99_ms": 194,
      "min_ms": 2,
      "max_ms": 1026
    },
    "todo_create": {
      "requests": 2818,
      "errors": 1,
      "error_rate": 0.00035486160397445,
      "bytes_total": 540864,
      "throughput_rps": 62.59593642053179,
      "p50_ms": 26,
      "p90_ms": 71,
      "p95_ms": 104,
      "p99_ms": 210,
      "min_ms": 4,
      "max_ms": 998
    }
  },
  "notes": {
    "base_url": "http://host.docker.internal:8081",
    "concurrency": "20",
    "duration_sec": "45",
    "endpoint_count": "12",
    "global_rate_limit_per_sec": "0",
    "test_mode": "fixed"
  }
}