{
  "started_at": "2025-08-24T19:50:28.57345547Z",
  "duration": 45061452771,
  "overall": {
    "requests": 59842,
    "errors": 37305,
    "error_rate": 0.6233915978744026,
    "bytes_total": 15284797,
    "throughput_rps": 1328.0086708281242,
    "p50_ms": 7,
    "p90_ms": 30,
    "p95_ms": 46,
    "p99_ms": 110,
    "min_ms": 0,
    "max_ms": 1071
  },
  "per_endpoint": {
    "cart_add": {
      "requests": 3764,
      "errors": 3764,
      "error_rate": 1,
      "bytes_total": 225840,
      "throughput_rps": 83.53037393464555,
      "p50_ms": 4,
      "p90_ms": 11,
      "p95_ms": 17,
      "p99_ms": 36,
      "min_ms": 0,
      "max_ms": 186
    },
    "cart_get": {
      "requests": 3659,
      "errors": 3659,
      "error_rate": 1,
      "bytes_total": 219480,
      "throughput_rps": 81.2002226957673,
      "p50_ms": 9,
      "p90_ms": 23,
      "p95_ms": 35,
      "p99_ms": 73,
      "min_ms": 1,
      "max_ms": 510
    },
    "cart_remove": {
      "requests": 3717,
      "errors": 3717,
      "error_rate": 1,
      "bytes_total": 222900,
      "throughput_rps": 82.48735385629053,
      "p50_ms": 4,
      "p90_ms": 11,
      "p95_ms": 17,
      "p99_ms": 40,
      "min_ms": 0,
      "max_ms": 457
    },
    "cart_update": {
      "requests": 3790,
      "errors": 3790,
      "error_rate": 1,
      "bytes_total": 227400,
      "throughput_rps": 84.10736376522493,
      "p50_ms": 4,
      "p90_ms": 12,
      "p95_ms": 18,
      "p99_ms": 49,
      "min_ms": 0,
      "max_ms": 408
    },
    "flower_types": {
      "requests": 7422,
      "errors": 0,
      "error_rate": 0,
      "bytes_total": 6204792,
      "throughput_rps": 164.7084047138521,
      "p50_ms": 8,
      "p90_ms": 23,
      "p95_ms": 35,
      "p99_ms": 82,
      "min_ms": 0,
      "max_ms": 633
    },
    "health": {
      "requests": 3824,
      "errors": 1,
      "error_rate": 0.0002615062761506276,
      "bytes_total": 61168,
      "throughput_rps": 84.86188892829027,
      "p50_ms": 4,
      "p90_ms": 12,
      "p95_ms": 20,
      "p99_ms": 53,
      "min_ms": 0,
      "max_ms": 310
    },
    "pricing_rules": {
      "requests": 3846,
      "errors": 4,
      "error_rate": 0.0010400416016640667,
      "bytes_total": 5067598,
      "throughput_rps": 85.35011109262668,
      "p50_ms": 8,
      "p90_ms": 23,
      "p95_ms": 34,
      "p99_ms": 73,
      "min_ms": 0,
      "max_ms": 477
    },
    "product_create": {
      "requests": 3795,
      "errors": 4,
      "error_rate": 0.001054018445322793,
      "bytes_total": 1338223,
      "throughput_rps": 84.21832334802866,
      "p50_ms": 30,
      "p90_ms": 85,
      "p95_ms": 118,
      "p99_ms": 180,
      "min_ms": 6,
      "max_ms": 737
    },
    "products": {
      "requests": 14848,
      "errors": 14848,
      "error_rate": 1,
      "bytes_total": 564148,
      "throughput_rps": 329.5055770939472,
      "p50_ms": 7,
      "p90_ms": 23,
      "p95_ms": 34,
      "p99_ms": 83,
      "min_ms": 0,
      "max_ms": 571
    },
    "review_create": {
      "requests": 3650,
      "errors": 3650,
      "error_rate": 1,
      "bytes_total": 219000,
      "throughput_rps": 81.00049544672058,
      "p50_ms": 4,
      "p90_ms": 12,
      "p95_ms": 18,
      "p99_ms": 42,
      "min_ms": 0,
      "max_ms": 118
    },
    "reviews_list": {
      "requests": 3864,
      "errors": 3864,
      "error_rate": 1,
      "bytes_total": 231720,
      "throughput_rps": 85.7495655907201,
      "p50_ms": 4,
      "p90_ms": 11,
      "p95_ms": 18,
      "p99_ms": 42,
      "min_ms": 0,
      "max_ms": 226
    },
    "todo_create": {
      "requests": 3663,
      "errors": 4,
      "error_rate": 0.001092001092001092,
      "bytes_total": 702528,
      "throughput_rps": 81.28899036201027,
      "p50_ms": 28,
      "p90_ms": 80,
      "p95_ms": 115,
      "p99_ms": 186,
      "min_ms": 5,
      "max_ms": 1071
    }
  },
  "notes": {
    "base_url": "http://host.docker.internal:8081",
    "concurrency": "20",
    "duration_sec": "45",
    "endpoint_count": "12",
    "global_rate_limit_per_sec": "0",
    "test_mode": "fixed"
  }
}