{
  "started_at": "2025-08-24T19:43:32.774759347Z",
  "duration": 45033533146,
  "overall": {
    "requests": 79113,
    "errors": 49427,
    "error_rate": 0.6247645772502622,
    "bytes_total": 19883572,
    "throughput_rps": 1756.757564269128,
    "p50_ms": 5,
    "p90_ms": 23,
    "p95_ms": 35,
    "p99_ms": 82,
    "min_ms": 0,
    "max_ms": 600
  },
  "per_endpoint": {
    "cart_add": {
      "requests": 4966,
      "errors": 4966,
      "error_rate": 1,
      "bytes_total": 297900,
      "throughput_rps": 110.27338192408945,
      "p50_ms": 3,
      "p90_ms": 9,
      "p95_ms": 14,
      "p99_ms": 31,
      "min_ms": 0,
      "max_ms": 269
    },
    "cart_get": {
      "requests": 5007,
      "errors": 5007,
      "error_rate": 1,
      "bytes_total": 90126,
      "throughput_rps": 111.18381459804992,
      "p50_ms": 3,
      "p90_ms": 9,
      "p95_ms": 13,
      "p99_ms": 28,
      "min_ms": 0,
      "max_ms": 339
    },
    "cart_remove": {
      "requests": 4889,
      "errors": 4889,
      "error_rate": 1,
      "bytes_total": 293340,
      "throughput_rps": 108.56354495104175,
      "p50_ms": 3,
      "p90_ms": 9,
      "p95_ms": 13,
      "p99_ms": 32,
      "min_ms": 0,
      "max_ms": 198
    },
    "cart_update": {
      "requests": 4930,
      "errors": 4930,
      "error_rate": 1,
      "bytes_total": 295740,
      "throughput_rps": 109.47397762500222,
      "p50_ms": 3,
      "p90_ms": 9,
      "p95_ms": 13,
      "p99_ms": 32,
      "min_ms": 0,
      "max_ms": 249
    },
    "flower_types": {
      "requests": 9945,
      "errors": 4,
      "error_rate": 0.00040221216691804925,
      "bytes_total": 8310676,
      "throughput_rps": 220.8354376228493,
      "p50_ms": 6,
      "p90_ms": 19,
      "p95_ms": 28,
      "p99_ms": 63,
      "min_ms": 0,
      "max_ms": 474
    },
    "health": {
      "requests": 4959,
      "errors": 1,
      "error_rate": 0.00020165355918531962,
      "bytes_total": 79328,
      "throughput_rps": 110.11794219926693,
      "p50_ms": 3,
      "p90_ms": 10,
      "p95_ms": 15,
      "p99_ms": 33,
      "min_ms": 0,
      "max_ms": 245
    },
    "pricing_rules": {
      "requests": 4899,
      "errors": 1,
      "error_rate": 0.00020412329046744235,
      "bytes_total": 6460462,
      "throughput_rps": 108.7856017007882,
      "p50_ms": 6,
      "p90_ms": 19,
      "p95_ms": 29,
      "p99_ms": 72,
      "min_ms": 0,
      "max_ms": 489
    },
    "product_create": {
      "requests": 5040,
      "errors": 2,
      "error_rate": 0.0003968253968253968,
      "bytes_total": 1778414,
      "throughput_rps": 111.91660187221322,
      "p50_ms": 24,
      "p90_ms": 62,
      "p95_ms": 89,
      "p99_ms": 145,
      "min_ms": 5,
      "max_ms": 600
    },
    "products": {
      "requests": 19588,
      "errors": 19588,
      "error_rate": 1,
      "bytes_total": 744154,
      "throughput_rps": 434.9647614033557,
      "p50_ms": 6,
      "p90_ms": 19,
      "p95_ms": 29,
      "p99_ms": 65,
      "min_ms": 0,
      "max_ms": 485
    },
    "review_create": {
      "requests": 5038,
      "errors": 5038,
      "error_rate": 1,
      "bytes_total": 302280,
      "throughput_rps": 111.87219052226392,
      "p50_ms": 3,
      "p90_ms": 9,
      "p95_ms": 14,
      "p99_ms": 33,
      "min_ms": 0,
      "max_ms": 346
    },
    "reviews_list": {
      "requests": 4996,
      "errors": 4996,
      "error_rate": 1,
      "bytes_total": 299760,
      "throughput_rps": 110.93955217332882,
      "p50_ms": 3,
      "p90_ms": 9,
      "p95_ms": 13,
      "p99_ms": 32,
      "min_ms": 0,
      "max_ms": 294
    },
    "todo_create": {
      "requests": 4856,
      "errors": 5,
      "error_rate": 0.001029654036243822,
      "bytes_total": 931392,
      "throughput_rps": 107.83075767687845,
      "p50_ms": 22,
      "p90_ms": 58,
      "p95_ms": 81,
      "p99_ms": 134,
      "min_ms": 3,
      "max_ms": 566
    }
  },
  "notes": {
    "base_url": "http://host.docker.internal:8081",
    "concurrency": "20",
    "duration_sec": "45",
    "endpoint_count": "12",
    "global_rate_limit_per_sec": "0",
    "test_mode": "fixed"
  }
}