{
  "started_at": "2025-08-24T19:46:52.3318653Z",
  "duration": 45080311479,
  "overall": {
    "requests": 95495,
    "errors": 59829,
    "error_rate": 0.626514477197759,
    "bytes_total": 24104952,
    "throughput_rps": 2118.330527607045,
    "p50_ms": 4,
    "p90_ms": 18,
    "p95_ms": 28,
    "p99_ms": 75,
    "min_ms": 0,
    "max_ms": 278
  },
  "per_endpoint": {
    "cart_add": {
      "requests": 5892,
      "errors": 5892,
      "error_rate": 1,
      "bytes_total": 353520,
      "throughput_rps": 130.70007297408984,
      "p50_ms": 2,
      "p90_ms": 7,
      "p95_ms": 9,
      "p99_ms": 23,
      "min_ms": 0,
      "max_ms": 110
    },
    "cart_get": {
      "requests": 5980,
      "errors": 5980,
      "error_rate": 1,
      "bytes_total": 358800,
      "throughput_rps": 132.65214466820387,
      "p50_ms": 5,
      "p90_ms": 14,
      "p95_ms": 20,
      "p99_ms": 41,
      "min_ms": 0,
      "max_ms": 135
    },
    "cart_remove": {
      "requests": 6008,
      "errors": 6008,
      "error_rate": 1,
      "bytes_total": 360480,
      "throughput_rps": 133.27325838905833,
      "p50_ms": 2,
      "p90_ms": 7,
      "p95_ms": 10,
      "p99_ms": 21,
      "min_ms": 0,
      "max_ms": 113
    },
    "cart_update": {
      "requests": 6003,
      "errors": 6003,
      "error_rate": 1,
      "bytes_total": 360180,
      "throughput_rps": 133.16234522462005,
      "p50_ms": 2,
      "p90_ms": 7,
      "p95_ms": 10,
      "p99_ms": 23,
      "min_ms": 0,
      "max_ms": 120
    },
    "flower_types": {
      "requests": 11753,
      "errors": 5,
      "error_rate": 0.0004254232961796988,
      "bytes_total": 9821328,
      "throughput_rps": 260.71248432866224,
      "p50_ms": 5,
      "p90_ms": 15,
      "p95_ms": 22,
      "p99_ms": 49,
      "min_ms": 0,
      "max_ms": 192
    },
    "health": {
      "requests": 6055,
      "errors": 1,
      "error_rate": 0.00016515276630883568,
      "bytes_total": 96864,
      "throughput_rps": 134.31584213477834,
      "p50_ms": 2,
      "p90_ms": 7,
      "p95_ms": 10,
      "p99_ms": 25,
      "min_ms": 0,
      "max_ms": 134
    },
    "pricing_rules": {
      "requests": 5978,
      "errors": 0,
      "error_rate": 0,
      "bytes_total": 7884982,
      "throughput_rps": 132.60777940242855,
      "p50_ms": 5,
      "p90_ms": 15,
      "p95_ms": 21,
      "p99_ms": 49,
      "min_ms": 0,
      "max_ms": 188
    },
    "product_create": {
      "requests": 5948,
      "errors": 6,
      "error_rate": 0.0010087424344317419,
      "bytes_total": 2097526,
      "throughput_rps": 131.94230041579877,
      "p50_ms": 19,
      "p90_ms": 57,
      "p95_ms": 89,
      "p99_ms": 133,
      "min_ms": 4,
      "max_ms": 252
    },
    "products": {
      "requests": 23893,
      "errors": 23893,
      "error_rate": 1,
      "bytes_total": 907744,
      "throughput_rps": 530.0096475848487,
      "p50_ms": 5,
      "p90_ms": 15,
      "p95_ms": 21,
      "p99_ms": 45,
      "min_ms": 0,
      "max_ms": 212
    },
    "review_create": {
      "requests": 6011,
      "errors": 6011,
      "error_rate": 1,
      "bytes_total": 360660,
      "throughput_rps": 133.33980628772133,
      "p50_ms": 2,
      "p90_ms": 7,
      "p95_ms": 10,
      "p99_ms": 22,
      "min_ms": 0,
      "max_ms": 110
    },
    "reviews_list": {
      "requests": 6027,
      "errors": 6027,
      "error_rate": 1,
      "bytes_total": 361620,
      "throughput_rps": 133.69472841392388,
      "p50_ms": 2,
      "p90_ms": 6,
      "p95_ms": 9,
      "p99_ms": 23,
      "min_ms": 0,
      "max_ms": 101
    },
    "todo_create": {
      "requests": 5947,
      "errors": 3,
      "error_rate": 0.0005044560282495376,
      "bytes_total": 1141248,
      "throughput_rps": 131.92011778291112,
      "p50_ms": 17,
      "p90_ms": 50,
      "p95_ms": 82,
      "p99_ms": 131,
      "min_ms": 3,
      "max_ms": 278
    }
  },
  "notes": {
    "base_url": "http://host.docker.internal:8081",
    "concurrency": "20",
    "duration_sec": "45",
    "endpoint_count": "12",
    "global_rate_limit_per_sec": "0",
    "test_mode": "fixed"
  }
}