{
  "started_at": "2025-08-24T19:39:50.678738133Z",
  "duration": 45022304146,
  "overall": {
    "requests": 72854,
    "errors": 45511,
    "error_rate": 0.6246877316276388,
    "bytes_total": 18361673,
    "throughput_rps": 1618.175732715641,
    "p50_ms": 5,
    "p90_ms": 28,
    "p95_ms": 42,
    "p99_ms": 85,
    "min_ms": 0,
    "max_ms": 321
  },
  "per_endpoint": {
    "cart_add": {
      "requests": 4611,
      "errors": 4611,
      "error_rate": 1,
      "bytes_total": 276660,
      "throughput_rps": 102.41590446031545,
      "p50_ms": 3,
      "p90_ms": 10,
      "p95_ms": 14,
      "p99_ms": 32,
      "min_ms": 0,
      "max_ms": 147
    },
    "cart_get": {
      "requests": 4487,
      "errors": 4487,
      "error_rate": 1,
      "bytes_total": 80766,
      "throughput_rps": 99.66171401288992,
      "p50_ms": 3,
      "p90_ms": 9,
      "p95_ms": 13,
      "p99_ms": 35,
      "min_ms": 0,
      "max_ms": 158
    },
    "cart_remove": {
      "requests": 4533,
      "errors": 4533,
      "error_rate": 1,
      "bytes_total": 271920,
      "throughput_rps": 100.68342982403163,
      "p50_ms": 3,
      "p90_ms": 9,
      "p95_ms": 15,
      "p99_ms": 34,
      "min_ms": 0,
      "max_ms": 130
    },
    "cart_update": {
      "requests": 4603,
      "errors": 4603,
      "error_rate": 1,
      "bytes_total": 276060,
      "throughput_rps": 102.23821475402993,
      "p50_ms": 3,
      "p90_ms": 10,
      "p95_ms": 14,
      "p99_ms": 36,
      "min_ms": 0,
      "max_ms": 112
    },
    "flower_types": {
      "requests": 9039,
      "errors": 2,
      "error_rate": 0.0002212634140944795,
      "bytes_total": 7554932,
      "throughput_rps": 200.76715688934965,
      "p50_ms": 7,
      "p90_ms": 24,
      "p95_ms": 36,
      "p99_ms": 72,
      "min_ms": 0,
      "max_ms": 285
    },
    "health": {
      "requests": 4615,
      "errors": 0,
      "error_rate": 0,
      "bytes_total": 73840,
      "throughput_rps": 102.50474931345819,
      "p50_ms": 3,
      "p90_ms": 11,
      "p95_ms": 16,
      "p99_ms": 33,
      "min_ms": 0,
      "max_ms": 97
    },
    "pricing_rules": {
      "requests": 4654,
      "errors": 0,
      "error_rate": 0,
      "bytes_total": 6138626,
      "throughput_rps": 103.3709866316001,
      "p50_ms": 7,
      "p90_ms": 24,
      "p95_ms": 36,
      "p99_ms": 67,
      "min_ms": 0,
      "max_ms": 221
    },
    "product_create": {
      "requests": 4466,
      "errors": 3,
      "error_rate": 0.0006717420510523958,
      "bytes_total": 1575439,
      "throughput_rps": 99.19527853389043,
      "p50_ms": 29,
      "p90_ms": 69,
      "p95_ms": 93,
      "p99_ms": 146,
      "min_ms": 3,
      "max_ms": 321
    },
    "products": {
      "requests": 18206,
      "errors": 18206,
      "error_rate": 1,
      "bytes_total": 691562,
      "throughput_rps": 404.3773490792676,
      "p50_ms": 7,
      "p90_ms": 23,
      "p95_ms": 35,
      "p99_ms": 70,
      "min_ms": 0,
      "max_ms": 253
    },
    "review_create": {
      "requests": 4585,
      "errors": 4585,
      "error_rate": 1,
      "bytes_total": 274920,
      "throughput_rps": 101.8384129148875,
      "p50_ms": 3,
      "p90_ms": 10,
      "p95_ms": 15,
      "p99_ms": 33,
      "min_ms": 0,
      "max_ms": 70
    },
    "reviews_list": {
      "requests": 4479,
      "errors": 4479,
      "error_rate": 1,
      "bytes_total": 268740,
      "throughput_rps": 99.4840243066044,
      "p50_ms": 3,
      "p90_ms": 10,
      "p95_ms": 14,
      "p99_ms": 32,
      "min_ms": 0,
      "max_ms": 86
    },
    "todo_create": {
      "requests": 4576,
      "errors": 2,
      "error_rate": 0.00043706293706293706,
      "bytes_total": 878208,
      "throughput_rps": 101.63851199531629,
      "p50_ms": 26,
      "p90_ms": 64,
      "p95_ms": 85,
      "p99_ms": 139,
      "min_ms": 4,
      "max_ms": 321
    }
  },
  "notes": {
    "base_url": "http://host.docker.internal:8081",
    "concurrency": "20",
    "duration_sec": "45",
    "endpoint_count": "12",
    "global_rate_limit_per_sec": "0",
    "test_mode": "fixed"
  }
}